albumlink,Genre1,Genre2,Genre3
/album/15386/7-Angels-7-Plagues-Jhazmynes-Lullaby/,Metalcore,Hardcore,NA
/album/54/A-Perfect-Circle-Thirteenth-Step/,Alternative Rock,Progressive Metal,Metal
/album/9354/Accept-Balls-to-the-Wall/,Heavy Metal,Metal,Hard Rock
/album/60148/Accept-Blood-of-the-Nations/,Heavy Metal,Metal,Hard Rock
/album/9355/Accept-Metal-Heart/,Heavy Metal,Metal,Hard Rock
/album/9358/Accept-Restless-and-Wild/,Heavy Metal,Metal,Hard Rock
/album/16909/Acid-Bath-Paegan-Terrorism-Tactics/,Sludge Metal,Stoner Rock,Doom Metal
/album/8198/Acid-Bath-When-the-Kite-String-Pops/,Sludge Metal,Stoner Rock,Doom Metal
/album/40598/Adramelech-Psychostasia/,Death Metal,NA,NA
/album/10905/Agalloch-Ashes-Against-the-Grain/,Black Metal,Folk,Post Metal
/album/3728/Agalloch-Pale-Folklore/,Black Metal,Folk,Post Metal
/album/1268/Agalloch-The-Mantle/,Black Metal,Folk,Post Metal
/album/3858/Akercocke-Words-That-Go-Unspoken.../,Death Metal,Black Metal,Progressive Metal
/album/47138/Alcest-%C3%89cailles-de-Lune/,Shoegaze,Black Metal,Post Rock
/album/226644/Alcest-Kodama/,Shoegaze,Black Metal,Post Rock
/album/99/Alice-in-Chains-Dirt/,Grunge,Alternative Rock,Metal
/album/87/Alice-in-Chains-Jar-of-Flies/,Grunge,Alternative Rock,Metal
/album/2122/Alice-in-Chains-MTV-Unplugged/,Grunge,Alternative Rock,Metal
/album/126239/Altar-of-Plagues-Teethed-Glory-and-Injury/,Black Metal,Post Metal,Post Rock
/album/114286/Amenra-Mass-V/,Post Metal,Sludge Metal,Post Rock
/album/66567/Amia-Venera-Landscape-The-Long-Procession/,Post Hardcore,Post Metal,Progressive Metal
/album/11877/Amon-Amarth-With-Oden-on-Our-Side/,Melodic Death Metal,Death Metal,NA
/album/2863/Amorphis-Tales-From-the-Thousand-Lakes/,Melodic Death Metal,Progressive Metal,Doom Metal
/album/19583/Anacrusis-Manic-Impressions/,Thrash Metal,Progressive Metal,NA
/album/19584/Anacrusis-Screams-and-Whispers/,Thrash Metal,Progressive Metal,NA
/album/10858/Anata-The-Conductors-Departure/,Death Metal,NA,NA
/album/12297/Anathema-Alternative-4/,Progressive Rock,Alternative Rock,Doom Metal
/album/8560/Anathema-Judgement/,Progressive Rock,Alternative Rock,Doom Metal
/album/51127/Anathema-Were-Here-Because-Were-Here/,Progressive Rock,Alternative Rock,Doom Metal
/album/9752/Angra-Temple-of-Shadows/,Power Metal,Progressive Metal,NA
/album/37265/Animals-As-Leaders-Animals-as-Leaders/,Progressive Metal,Jazz Fusion,Math Rock
/album/154388/Animals-As-Leaders-The-Joy-of-Motion/,Progressive Metal,Jazz Fusion,Math Rock
/album/1803/Annihilator-Alice-in-Hell/,Thrash Metal,Heavy Metal,Progressive Metal
/album/7802/Annihilator-Never-Neverland/,Thrash Metal,Heavy Metal,Progressive Metal
/album/2588/Anthrax-Among-the-Living/,Thrash Metal,Hard Rock,NA
/album/617/Anthrax-Spreading-the-Disease/,Thrash Metal,Hard Rock,NA
/album/428/Arcturus-The-Sham-Mirrors/,Progressive Metal,Black Metal,Experimental
/album/10196/Artillery-By-Inheritance/,Thrash Metal,NA,NA
/album/42921/Aspid-Extravasation/,Thrash Metal,Progressive Metal,NA
/album/1193/At-the-Gates-Slaughter-of-the-Soul/,Melodic Death Metal,Death Metal,NA
/album/2437/Atheist-Piece-of-Time/,Death Metal,Progressive Metal,Jazz Fusion
/album/2445/Atheist-Unquestionable-Presence/,Death Metal,Progressive Metal,Jazz Fusion
/album/14059/Autopsy-Mental-Funeral/,Death Metal,Doom Metal,NA
/album/3139/Autopsy-Severed-Survival/,Death Metal,Doom Metal,NA
/album/20838/Ayreon-Into-the-Electric-Castle/,Progressive Metal,Progressive Rock,NA
/album/4998/Ayreon-The-Human-Equation/,Progressive Metal,Progressive Rock,NA
/album/1579/Bathory-Blood-Fire-Death/,Black Metal,Folk,Thrash Metal
/album/9288/Bathory-Hammerheart/,Black Metal,Folk,Thrash Metal
/album/9286/Bathory-Under-the-Sign-of-the-Black-Mark/,Black Metal,Folk,Thrash Metal
/album/16062/Battle-Of-Mice-A-Day-Of-Nights/,Post Metal,Sludge Metal,Metal
/album/209589/Batushka-Litourgiya/,Black Metal,Doom Metal,Post Metal
/album/37865/Belakor-Stones-Reach/,Melodic Death Metal,Progressive Metal,Death Metal
/album/218327/Belakor-Vessels/,Melodic Death Metal,Progressive Metal,Death Metal
/album/3424/Between-the-Buried-and-Me-Alaska/,Progressive Metal,Metalcore,Death Metal
/album/20647/Between-the-Buried-and-Me-Colors/,Progressive Metal,Metalcore,Death Metal
/album/31709/Between-the-Buried-and-Me-Colors_Live/,Progressive Metal,Metalcore,Death Metal
/album/2034/Black-Flag-Damaged/,Hardcore,Punk,Sludge Metal
/album/3761/Black-Flag-My-War/,Hardcore,Punk,Sludge Metal
/album/25723/Black-Flag-Nervous-Breakdown/,Hardcore,Punk,Sludge Metal
/album/5439/Black-Flag-The-First-Four-Years/,Hardcore,Punk,Sludge Metal
/album/915/Black-Sabbath-Black-Sabbath/,Doom Metal,Heavy Metal,Metal
/album/2359/Black-Sabbath-Heaven-and-Hell/,Doom Metal,Heavy Metal,Metal
/album/620/Black-Sabbath-Master-of-Reality/,Doom Metal,Heavy Metal,Metal
/album/67/Black-Sabbath-Paranoid/,Doom Metal,Heavy Metal,Metal
/album/1866/Black-Sabbath-Sabbath-Bloody-Sabbath/,Doom Metal,Heavy Metal,Metal
/album/2461/Black-Sabbath-Sabotage/,Doom Metal,Heavy Metal,Metal
/album/1249/Black-Sabbath-Vol.-4/,Doom Metal,Heavy Metal,Metal
/album/2677/Black-Sabbath-We-Sold-Our-Soul-For-Rock-N-Roll/,Doom Metal,Heavy Metal,Metal
/album/4016/Blind-Guardian-A-Night-at-the-Opera/,Power Metal,Progressive Metal,Thrash Metal
/album/4130/Blind-Guardian-Imaginations-from-the-Other-Side/,Power Metal,Progressive Metal,Thrash Metal
/album/712/Blind-Guardian-Nightfall-in-Middle-Earth/,Power Metal,Progressive Metal,Thrash Metal
/album/2864/Blind-Guardian-Somewhere-Far-Beyond/,Power Metal,Progressive Metal,Thrash Metal
/album/66650/Blindead-Affliction-XXIX-II-MCMXCVI/,Post Metal,Progressive Rock,Metal
/album/6177/Blue-Oyster-Cult-Fire-of-Unknown-Origin/,Hard Rock,Heavy Metal,Psychedelic
/album/16505/Blue-Oyster-Cult-Secret-Treaties/,Hard Rock,Heavy Metal,Psychedelic
/album/173048/Blut-Aus-Nord-Memoria-Vetusta-II---Dialogue-With-The-Stars/,Black Metal,Industrial,Experimental
/album/13325/Blut-Aus-Nord-The-Work-Which-Transforms-God/,Black Metal,Industrial,Experimental
/album/20335/Bolt-Thrower-The-IVth-Crusade/,Death Metal,Doom Metal,NA
/album/11862/Bolt-Thrower-Those-Once-Loyal/,Death Metal,Doom Metal,NA
/album/5568/Boris-Akuma-no-Uta/,Drone,Doom Metal,Experimental
/album/5488/Boris-Boris-At-Last--Feedbacker-/,Drone,Doom Metal,Experimental
/album/5200/Boris-Flood/,Drone,Doom Metal,Experimental
/album/5567/Boris-Pink/,Drone,Doom Metal,Experimental
/album/3016/Botch-An-Anthology-of-Dead-Ends/,Metalcore,Hardcore,NA
/album/3651/Botch-We-Are-the-Romans/,Metalcore,Hardcore,NA
/album/10626/Bruce-Dickinson-Accident-of-Birth/,Heavy Metal,Metal,Hard Rock
/album/3214/Bruce-Dickinson-The-Chemical-Wedding/,Heavy Metal,Metal,Hard Rock
/album/19418/Brutal-Truth-Extreme-Conditions-Demand-Extreme-Responses/,Grind,Death Metal,NA
/album/5909/Buckethead-Colma/,Experimental,Metal,Funk
/album/13359/Buckethead-Electric-Tears/,Experimental,Metal,Funk
/album/5059/Buckethead-Population-Override/,Experimental,Metal,Funk
/album/29116/Burst-Lazarus-Bird/,Progressive Metal,Metalcore,Post Metal
/album/6982/Burst-Origo/,Progressive Metal,Metalcore,Post Metal
/album/5032/Burzum-Det-som-engang-var/,Black Metal,Ambient,NA
/album/9976/Burzum-Filosofem/,Black Metal,Ambient,NA
/album/956/Burzum-Hvis-lyset-tar-oss/,Black Metal,Ambient,NA
/album/122147/Caladan-Brood-Echoes-Of-Battle/,Black Metal,Folk,NA
/album/3582/Candlemass-Epicus-Doomicus-Metallicus/,Doom Metal,Heavy Metal,NA
/album/11852/Candlemass-Nightfall/,Doom Metal,Heavy Metal,NA
/album/1273/Carcass-Heartwork/,Melodic Death Metal,Grind,Death Metal
/album/1215/Carcass-Necroticism-Descanting-the-Insalubrious/,Melodic Death Metal,Grind,Death Metal
/album/17091/Cave-In-Jupiter/,Progressive Rock,Metalcore,Alternative Rock
/album/2903/Celtic-Frost-Morbid-Tales/,Thrash Metal,Black Metal,Doom Metal
/album/2904/Celtic-Frost-To-Mega-Therion/,Thrash Metal,Black Metal,Doom Metal
/album/159/Children-of-Bodom-Follow-the-Reaper/,Melodic Death Metal,Power Metal,Thrash Metal
/album/995/Children-of-Bodom-Hatebreeder/,Melodic Death Metal,Power Metal,Thrash Metal
/album/1810/Children-of-Bodom-Tokyo-Warhearts/,Melodic Death Metal,Power Metal,Thrash Metal
/album/61882/Cloudkicker-Beacons/,Progressive Metal,Post Rock,Progressive Rock
/album/25566/Coalesce-012-Revolution-in-Just-Listening/,Hardcore,Metalcore,NA
/album/31751/Coldworld-Melancholie/,Black Metal,Ambient,Post Rock
/album/109358/Converge-All-We-Love-We-Leave-Behind/,Metalcore,Hardcore,Punk
/album/41150/Converge-Axe-to-Fall/,Metalcore,Hardcore,Punk
/album/1518/Converge-Jane-Doe/,Metalcore,Hardcore,Punk
/album/930/Converge-You-Fail-Me/,Metalcore,Hardcore,Punk
/album/83168/Corelia-Nostalgia/,Progressive Metal,Metalcore,NA
/album/10177/Coroner-Mental-Vortex/,Thrash Metal,Progressive Metal,NA
/album/10859/Coroner-No-More-Color/,Thrash Metal,Progressive Metal,NA
/album/15329/Coroner-Punishment-for-Decadence/,Thrash Metal,Progressive Metal,NA
/album/7757/Corrosion-of-Conformity-Deliverance/,Stoner Rock,Sludge Metal,Thrash Metal
/album/764/Cradle-of-Filth-Dusk-and-Her-Embrace/,Black Metal,Gothic,Metal
/album/4210/Cradle-of-Filth-Vempire-or-Dark-Fairytales-in-Phallustei/,Black Metal,Gothic,Metal
/album/902/Cryptopsy-Blasphemy-Made-Flesh/,Death Metal,Grind,NA
/album/1482/Cryptopsy-None-So-Vile/,Death Metal,Grind,NA
/album/215230/Cult-of-Luna-and-Julie-Christmas-Mariner/,Post Metal,Sludge Metal,NA
/album/2419/Cult-of-Luna-Salvation/,Post Metal,Sludge Metal,NA
/album/10199/Cult-of-Luna-Somewhere-Along-the-Highway/,Post Metal,Sludge Metal,NA
/album/857/Cult-of-Luna-The-Beyond/,Post Metal,Sludge Metal,NA
/album/8553/Cursed-II/,Hardcore,Sludge Metal,NA
/album/626/Cynic-Focus/,Progressive Metal,Death Metal,Jazz Fusion
/album/30761/Cynic-Traced-in-Air/,Progressive Metal,Death Metal,Jazz Fusion
/album/6451/Cypress-Hill-Black-Sunday/,Hip-Hop,Nu-metal,NA
/album/6148/Cypress-Hill-Cypress-Hill/,Hip-Hop,Nu-metal,NA
/album/15630/Dan-Swano-Moontower/,Melodic Death Metal,Progressive Metal,Death Metal
/album/5518/Danzig-Danzig-II-Lucifuge/,Doom Metal,Gothic,Metal
/album/5519/Danzig-Danzig-III-How-The-Gods-Kill/,Doom Metal,Gothic,Metal
/album/415/Dark-Angel-Darkness-Descends/,Thrash Metal,NA,NA
/album/11521/Dark-Tranquillity-Character/,Melodic Death Metal,Progressive Metal,NA
/album/13173/Dark-Tranquillity-Damage-Done/,Melodic Death Metal,Progressive Metal,NA
/album/16748/Dark-Tranquillity-Fiction/,Melodic Death Metal,Progressive Metal,NA
/album/31123/Dark-Tranquillity-The-Gallery/,Melodic Death Metal,Progressive Metal,NA
/album/28325/Darkspace-Dark-Space-III/,Black Metal,Ambient,NA
/album/288/Darkthrone-A-Blaze-in-the-Northern-Sky/,Black Metal,Heavy Metal,Punk
/album/700/Darkthrone-Transilvanian-Hunger/,Black Metal,Heavy Metal,Punk
/album/2136/Darkthrone-Under-a-Funeral-Moon/,Black Metal,Heavy Metal,Punk
/album/29693/Dead-Congregation-Graves-of-the-Archangels/,Death Metal,Doom Metal,NA
/album/6545/Death-Angel-The-Ultra-Violence/,Thrash Metal,Metal,NA
/album/4259/Death-Human/,Death Metal,Progressive Metal,Thrash Metal
/album/4257/Death-Individual-Thought-Patterns/,Death Metal,Progressive Metal,Thrash Metal
/album/2857/Death-Leprosy/,Death Metal,Progressive Metal,Thrash Metal
/album/4258/Death-Symbolic/,Death Metal,Progressive Metal,Thrash Metal
/album/2285/Death-The-Sound-of-Perseverance/,Death Metal,Progressive Metal,Thrash Metal
/album/19955/Deathspell-Omega-Fas---Ite-Maledicti-In-Ignem-Aeternum/,Black Metal,Experimental,Progressive Metal
/album/17443/Deathspell-Omega-Kenose/,Black Metal,Experimental,Progressive Metal
/album/64552/Deathspell-Omega-Paracletus/,Black Metal,Experimental,Progressive Metal
/album/17447/Deathspell-Omega-Si-Monvmentvm-Reqvires-Circvmspice/,Black Metal,Experimental,Progressive Metal
/album/5474/Decapitated-Winds-of-Creation/,Death Metal,NA,NA
/album/334/Deftones-Around-the-Fur/,Metal,Nu-metal,Alternative Rock
/album/50952/Deftones-Diamond-Eyes/,Metal,Nu-metal,Alternative Rock
/album/113111/Deftones-Koi-No-Yokan/,Metal,Nu-metal,Alternative Rock
/album/63/Deftones-White-Pony/,Metal,Nu-metal,Alternative Rock
/album/11009/Deicide-Deicide/,Death Metal,NA,NA
/album/8181/Demigod-Slumber-of-Sullen-Eyes/,Death Metal,Doom Metal,NA
/album/1066/Demilich-Nespithe/,Death Metal,Experimental,NA
/album/14233/Demolition-Hammer-Epidemic-of-Violence/,Thrash Metal,Death Metal,NA
/album/40263/Demolition-Hammer-Tortured-Existence/,Thrash Metal,Death Metal,NA
/album/15324/Destruction-Infernal-Overkill/,Thrash Metal,Death Metal,Black Metal
/album/10192/Destruction-Release-from-Agony/,Thrash Metal,Death Metal,Black Metal
/album/5063/Devin-Townsend-Ocean-Machine-Biomech/,Progressive Rock,Progressive Metal,Ambient
/album/41301/Devin-Townsend-Project-Addicted/,Progressive Metal,Progressive Rock,New Age
/album/627/Devin-Townsend-Terria/,Progressive Rock,Progressive Metal,Ambient
/album/99912/Diablo-Swing-Orchestra-Pandoras-Pinata/,Metal,Jazz,Progressive Metal
/album/8401/Diamond-Head-Lightning-to-the-Nations/,Heavy Metal,Metal,Hard Rock
/album/3492/Dio-Holy-Diver/,Heavy Metal,Metal,Power Metal
/album/7879/Dio-The-Last-in-Line/,Heavy Metal,Metal,Power Metal
/album/172770/Dir-En-Grey-Arche/,Progressive Metal,Metal,Death Metal
/album/79064/Dir-En-Grey-Dum-Spiro-Spero/,Progressive Metal,Metal,Death Metal
/album/32610/Dir-En-Grey-Uroboros/,Progressive Metal,Metal,Death Metal
/album/19761/diSEMBOWELMENT--Transcendence-into-the-Peripheral/,Doom Metal,Death Metal,NA
/album/16873/Disillusion-Back-to-Times-of-Splendor/,Progressive Metal,Melodic Death Metal,Metal
/album/1917/Dismember-Like-an-Ever-Flowing-Stream/,Death Metal,Melodic Death Metal,NA
/album/1575/Dissection-Storm-of-the-Lights-Bane/,Black Metal,Melodic Death Metal,Death Metal
/album/1586/Dissection-The-Somberlain/,Black Metal,Melodic Death Metal,Death Metal
/album/9170/Down-NOLA/,Sludge Metal,Stoner Rock,Metal
/album/51904/Dragged-Into-Sunlight-Hatred-For-Mankind/,Death Metal,Black Metal,Doom Metal
/album/1500/Dream-Theater-Awake/,Progressive Metal,Progressive Rock,NA
/album/76/Dream-Theater-Images-and-Words/,Progressive Metal,Progressive Rock,NA
/album/998/Dream-Theater-Live-at-Budokan/,Progressive Metal,Progressive Rock,NA
/album/143290/Dream-Theater-Live-Scenes-From-New-York/,Progressive Metal,Progressive Rock,NA
/album/344/Dream-Theater-Metropolis-Pt.-2-Scenes-from-a-Memory/,Progressive Metal,Progressive Rock,NA
/album/11283/Dream-Theater-Score/,Progressive Metal,Progressive Rock,NA
/album/160/Dream-Theater-Six-Degrees-of-Inner-Turbulence/,Progressive Metal,Progressive Rock,NA
/album/16792/Drudkh-Autumn-Aurora/,Black Metal,Folk,Ambient
/album/14365/Drudkh-Blood-In-Our-Wells/,Black Metal,Folk,Ambient
/album/12091/Earth-Earth-2/,Drone,Post Rock,Doom Metal
/album/13413/Edge-of-Sanity-Crimson-II/,Melodic Death Metal,Progressive Metal,Death Metal
/album/15184/Edge-of-Sanity-Crimson/,Melodic Death Metal,Progressive Metal,Death Metal
/album/15228/Edge-of-Sanity-Purgatory-Afterglow/,Melodic Death Metal,Progressive Metal,Death Metal
/album/9833/Electric-Wizard-Come-My-Fanatics.../,Doom Metal,Stoner Rock,Psychedelic
/album/8751/Electric-Wizard-Dopethrone/,Doom Metal,Stoner Rock,Psychedelic
/album/1594/Emperor-Anthems-to-the-Welkin-at-Dusk/,Black Metal,Progressive Metal,NA
/album/916/Emperor-In-the-Nightside-Eclipse/,Black Metal,Progressive Metal,NA
/album/7180/Ensiferum-Ensiferum/,Folk,Melodic Death Metal,Death Metal
/album/60567/Enslaved-Axioma-Ethica-Odini/,Black Metal,Progressive Metal,Folk
/album/1597/Enslaved-Below-the-Lights/,Black Metal,Progressive Metal,Folk
/album/8016/Enslaved-Isa/,Black Metal,Progressive Metal,Folk
/album/105926/Enslaved-RIITIIR/,Black Metal,Progressive Metal,Folk
/album/19730/Entombed-Clandestine/,Death Metal,Hard Rock,NA
/album/3886/Entombed-Left-Hand-Path/,Death Metal,Hard Rock,NA
/album/39936/Epica-Design-Your-Universe/,Power Metal,Classical,Gothic
/album/28229/Equilibrium-Sagas/,Folk,Black Metal,NA
/album/224200/Every-Time-I-Die-Low-Teens/,Metalcore,Hardcore,Sludge Metal
/album/8669/Exhorder-Slaughter-in-the-Vatican/,Thrash Metal,Metal,NA
/album/422/Exodus-Bonded-by-Blood/,Thrash Metal,Metal,NA
/album/3284/Exodus-Fabulous-Disaster/,Thrash Metal,Metal,NA
/album/16178/Eyehategod-Dopesick/,Sludge Metal,Doom Metal,Hardcore
/album/21349/Eyehategod-Take-as-Needed-for-Pain/,Sludge Metal,Doom Metal,Hardcore
/album/483/Faith-No-More-Angel-Dust/,Alternative Rock,Metal,Funk
/album/247/Faith-No-More-King-for-a-Day...-Fool-for-a-Lifetime/,Alternative Rock,Metal,Funk
/album/541/Faith-No-More-The-Real-Thing/,Alternative Rock,Metal,Funk
/album/39986/Fall-of-Efrafa-Inle/,Post Metal,Hardcore,Sludge Metal
/album/13030/Fates-Warning-Awaken-the-Guardian/,Progressive Metal,Heavy Metal,Power Metal
/album/3960/Fates-Warning-No-Exit/,Progressive Metal,Heavy Metal,Power Metal
/album/13032/Fates-Warning-Parallels/,Progressive Metal,Heavy Metal,Power Metal
/album/13031/Fates-Warning-Perfect-Symmetry/,Progressive Metal,Heavy Metal,Power Metal
/album/11854/Fear-Before-The-Always-Open-Mouth/,Post Hardcore,Metalcore,Progressive Rock
/album/165/Fear-Factory-Demanufacture/,Industrial,Death Metal,Thrash Metal
/album/7142/Gamma-Ray-Land-of-the-Free/,Power Metal,Heavy Metal,NA
/album/5793/Gamma-Ray-No-World-Order/,Power Metal,Heavy Metal,NA
/album/7141/Gamma-Ray-Somewhere-Out-in-Space/,Power Metal,Heavy Metal,NA
/album/34780/Giant-Squid-The-Ichthyologist/,Progressive Rock,Sludge Metal,Post Rock
/album/9416/Godflesh-Pure/,Industrial,Sludge Metal,Post Metal
/album/9414/Godflesh-Streetcleaner/,Industrial,Sludge Metal,Post Metal
/album/12330/Gojira-From-Mars-to-Sirius/,Death Metal,Progressive Metal,Thrash Metal
/album/30749/Gojira-The-Way-of-All-Flesh/,Death Metal,Progressive Metal,Thrash Metal
/album/136862/Gorguts-Colored-Sands/,Death Metal,Progressive Metal,Experimental
/album/23092/Gorguts-From-Wisdom-to-Hate/,Death Metal,Progressive Metal,Experimental
/album/2348/Gorguts-Obscura/,Death Metal,Progressive Metal,Experimental
/album/215938/Gorguts-Pleiades-Dust/,Death Metal,Progressive Metal,Experimental
/album/17709/Gorguts-The-Erosion-of-Sanity/,Death Metal,Progressive Metal,Experimental
/album/14407/Gorod-Leading-Vision/,Death Metal,Progressive Metal,NA
/album/133204/Gris-%C3%80-l%E2%80%99%C3%82me-Enflamm%C3%A9e-l%E2%80%99%C3%84me-Constell%C3%A9e%E2%80%A6/,Black Metal,Post Rock,Folk
/album/133596/Haken-The-Mountain/,Progressive Metal,Progressive Rock,NA
/album/8523/Heathen-Victims-of-Deception/,Thrash Metal,Progressive Metal,NA
/album/1378/Helloween-Keeper-of-the-Seven-Keys-Part-I/,Power Metal,Heavy Metal,NA
/album/5238/Helloween-Keeper-of-the-Seven-Keys-Part-II/,Power Metal,Heavy Metal,NA
/album/5807/Helmet-Betty/,Post Hardcore,Metal,Noise Rock
/album/1142/Helmet-Meantime/,Post Hardcore,Metal,Noise Rock
/album/14923/Hopesfall-No-Wings-To-Speak-Of/,Post Hardcore,Metalcore,Post Rock
/album/612/Hopesfall-The-Satellite-Years/,Post Hardcore,Metalcore,Post Rock
/album/200928/Horrendous-Anareta/,Death Metal,Progressive Metal,Melodic Death Metal
/album/41561/HORSE-the-band-Desperate-Living/,Metalcore,Electronic,Post Hardcore
/album/3891/Hypocrisy-Abducted/,Melodic Death Metal,Death Metal,NA
/album/3980/Hypocrisy-Hypocrisy/,Melodic Death Metal,Death Metal,NA
/album/5106/Hypocrisy-The-Final-Chapter/,Melodic Death Metal,Death Metal,NA
/album/188/Iced-Earth-Burnt-Offerings/,Thrash Metal,Power Metal,Heavy Metal
/album/399/Iced-Earth-Night-of-the-Stormrider/,Thrash Metal,Power Metal,Heavy Metal
/album/45308/Ihsahn-After/,Progressive Metal,Black Metal,Experimental
/album/19947/Immolation-Close-to-a-World-Below/,Death Metal,NA,NA
/album/19945/Immolation-Dawn-of-Possession/,Death Metal,NA,NA
/album/10899/Immolation-Here-in-After/,Death Metal,NA,NA
/album/45569/Immolation-Majesty-and-Decay/,Death Metal,NA,NA
/album/11010/Immolation-Unholy-Cult/,Death Metal,NA,NA
/album/1117/Immortal-At-the-Heart-of-Winter/,Black Metal,Thrash Metal,NA
/album/1591/Immortal-Pure-Holocaust/,Black Metal,Thrash Metal,NA
/album/1116/Immortal-Sons-of-Northern-Darkness/,Black Metal,Thrash Metal,NA
/album/771/In-Flames-Colony/,Melodic Death Metal,Metal,Alternative Rock
/album/142/In-Flames-The-Jester-Race/,Melodic Death Metal,Metal,Alternative Rock
/album/1823/In-Flames-Whoracle/,Melodic Death Metal,Metal,Alternative Rock
/album/25140/In-Mourning-Shrouded-Divine/,Progressive Metal,Melodic Death Metal,NA
/album/25890/Incantation-Diabolical-Conquest/,Death Metal,Doom Metal,NA
/album/34142/Incantation-Mortal-Throne-of-Nazarene/,Death Metal,Doom Metal,NA
/album/20367/Incantation-Onward-to-Golgotha/,Death Metal,Doom Metal,NA
/album/1618/Incubus-Alive-at-Red-Rocks/,Alternative Rock,Funk,Nu-metal
/album/83/Incubus-Make-Yourself/,Alternative Rock,Funk,Nu-metal
/album/365/Incubus-S.C.I.E.N.C.E./,Alternative Rock,Funk,Nu-metal
/album/21779/Insect-Warfare-World-Extermination/,Grind,Death Metal,NA
/album/11812/Insomnium-Above-the-Weeping-World/,Melodic Death Metal,Progressive Metal,Doom Metal
/album/5331/Insomnium-Since-the-Day-It-All-Came-Down/,Melodic Death Metal,Progressive Metal,Doom Metal
/album/22799/Integrity-Those-Who-Fear-Tomorrow/,Hardcore,Metalcore,NA
/album/203121/Intronaut-The-Direction-of-Last-Things/,Post Metal,Progressive Metal,Sludge Metal
/album/6583/Iron-Maiden-Best-of-the-Beast/,Heavy Metal,Metal,Progressive Metal
/album/1857/Iron-Maiden-Brave-New-World/,Heavy Metal,Metal,Progressive Metal
/album/563/Iron-Maiden-Iron-Maiden/,Heavy Metal,Metal,Progressive Metal
/album/937/Iron-Maiden-Killers/,Heavy Metal,Metal,Progressive Metal
/album/1686/Iron-Maiden-Live-After-Death/,Heavy Metal,Metal,Progressive Metal
/album/618/Iron-Maiden-Piece-of-Mind/,Heavy Metal,Metal,Progressive Metal
/album/199/Iron-Maiden-Powerslave/,Heavy Metal,Metal,Progressive Metal
/album/5246/Iron-Maiden-Rock-in-Rio-DVD/,Heavy Metal,Metal,Progressive Metal
/album/519/Iron-Maiden-Rock-in-Rio/,Heavy Metal,Metal,Progressive Metal
/album/2262/Iron-Maiden-Seventh-Son-of-a-Seventh-Son/,Heavy Metal,Metal,Progressive Metal
/album/220/Iron-Maiden-Somewhere-in-Time/,Heavy Metal,Metal,Progressive Metal
/album/221/Iron-Maiden-The-Number-of-the-Beast/,Heavy Metal,Metal,Progressive Metal
/album/223/Isis-Oceanic/,Post Metal,Sludge Metal,Progressive Metal
/album/1325/Isis-Panopticon/,Post Metal,Sludge Metal,Progressive Metal
/album/15360/Jakob-Solace/,Post Rock,Ambient,Post Metal
/album/304/Janes-Addiction-Nothings-Shocking/,Alternative Rock,Hard Rock,Metal
/album/4036/John-Petrucci-Suspended-Animation/,Progressive Metal,Progressive Rock,Hard Rock
/album/1816/Judas-Priest-Defenders-of-the-Faith/,Heavy Metal,Metal,Hard Rock
/album/2510/Judas-Priest-Painkiller/,Heavy Metal,Metal,Hard Rock
/album/3104/Judas-Priest-Sad-Wings-of-Destiny/,Heavy Metal,Metal,Hard Rock
/album/2725/Judas-Priest-Screaming-for-Vengeance/,Heavy Metal,Metal,Hard Rock
/album/521/Judas-Priest-Stained-Class/,Heavy Metal,Metal,Hard Rock
/album/9730/Judas-Priest-Unleashed-in-the-East/,Heavy Metal,Metal,Hard Rock
/album/3807/Kalmah-Swamplord/,Melodic Death Metal,Power Metal,NA
/album/6948/Kalmah-Swampsong/,Melodic Death Metal,Power Metal,NA
/album/6947/Kalmah-They-Will-Return/,Melodic Death Metal,Power Metal,NA
/album/4075/Kamelot-Epica/,Power Metal,Progressive Metal,Metal
/album/9867/Kamelot-Karma/,Power Metal,Progressive Metal,Metal
/album/3219/Kamelot-The-Black-Halo/,Power Metal,Progressive Metal,Metal
/album/37835/Karnivool-Sound-Awake/,Progressive Rock,Alternative Rock,Nu-metal
/album/3803/Karnivool-Themata/,Progressive Rock,Alternative Rock,Nu-metal
/album/3559/Katatonia-Brave-Murder-Day/,Doom Metal,Gothic,Progressive Metal
/album/8556/Katatonia-Last-Fair-Deal-Gone-Down/,Doom Metal,Gothic,Progressive Metal
/album/6111/Katatonia-The-Great-Cold-Distance/,Doom Metal,Gothic,Progressive Metal
/album/472/Kayo-Dot-Choirs-of-the-Eye/,Experimental,Post Metal,Progressive Metal
/album/5042/Kayo-Dot-Dowsing-Anemone-With-Copper-Tongue/,Experimental,Post Metal,Progressive Metal
/album/138136/Kayo-Dot-Hubardo/,Experimental,Post Metal,Progressive Metal
/album/19779/Killing-Joke-Killing-Joke/,Post Punk,Industrial,Metal
/album/7065/King-Diamond-Abigail/,Heavy Metal,Metal,Progressive Metal
/album/7843/King-Diamond-Conspiracy/,Heavy Metal,Metal,Progressive Metal
/album/7844/King-Diamond-Them/,Heavy Metal,Metal,Progressive Metal
/album/6999/Kreator-Coma-of-Souls/,Thrash Metal,Death Metal,NA
/album/10230/Kreator-Extreme-Aggression/,Thrash Metal,Death Metal,NA
/album/7185/Kreator-Pleasure-to-Kill/,Thrash Metal,Death Metal,NA
/album/11268/Kreator-Terrible-Certainty/,Thrash Metal,Death Metal,NA
/album/57555/Kvelertak-Kvelertak/,Black Metal,Hardcore,NA
/album/4122/Kyuss-Blues-for-the-Red-Sun/,Stoner Rock,Psychedelic,Metal
/album/652/Kyuss-Welcome-to-Sky-Valley/,Stoner Rock,Psychedelic,Metal
/album/3753/Lamb-of-God-Killadelphia/,Thrash Metal,Metalcore,Metal
/album/82895/Leprous-Bilateral/,Progressive Metal,Experimental,NA
/album/37701/Leprous-Tall-Poppy-Syndrome/,Progressive Metal,Experimental,NA
/album/2669/Liquid-Tension-Experiment-Liquid-Tension-Experiment-2/,Progressive Metal,Progressive Rock,Jazz Fusion
/album/6849/Living-Colour-Vivid/,Funk,Black Metal,Hard Rock
/album/1389/Lykathea-Aflame-Elvenefris/,Death Metal,Grind,Progressive Metal
/album/1757/Machine-Head-Burn-My-Eyes/,Thrash Metal,Metal,Nu-metal
/album/17218/Machine-Head-The-Blackening/,Thrash Metal,Metal,Nu-metal
/album/11869/Malevolent-Creation-Retribution/,Death Metal,Thrash Metal,NA
/album/36170/Mastodon-Crack-the-Skye/,Sludge Metal,Progressive Metal,Metal
/album/1474/Mastodon-Leviathan/,Sludge Metal,Progressive Metal,Metal
/album/529/maudlin-of-the-Well-Bath/,Experimental,Progressive Metal,Jazz
/album/14364/maudlin-of-the-Well-Leaving-Your-Body-Map/,Experimental,Progressive Metal,Jazz
/album/37691/maudlin-of-the-Well-Part-the-Second/,Experimental,Progressive Metal,Jazz
/album/2726/Mayhem-De-Mysteriis-Dom-Sathanas/,Black Metal,NA,NA
/album/1574/Mayhem-Live-in-Leipzig/,Black Metal,NA,NA
/album/3573/Megadeth-Greatest-Hits-Back-to-the-Start/,Thrash Metal,Heavy Metal,Metal
/album/412/Megadeth-Peace-Sells...-But-Whos-Buying/,Thrash Metal,Heavy Metal,Metal
/album/127/Megadeth-Rust-in-Peace/,Thrash Metal,Heavy Metal,Metal
/album/2786/Melvins-Bullhead/,Sludge Metal,Stoner Rock,Experimental
/album/390/Melvins-Gluey-Porch-Treatments/,Sludge Metal,Stoner Rock,Experimental
/album/113/Melvins-Houdini/,Sludge Metal,Stoner Rock,Experimental
/album/2791/Melvins-Lysol/,Sludge Metal,Stoner Rock,Experimental
/album/6179/Mercyful-Fate-Dont-Break-the-Oath/,Heavy Metal,Metal,Black Metal
/album/3603/Mercyful-Fate-Melissa/,Heavy Metal,Metal,Black Metal
/album/209/Meshuggah-Destroy-Erase-Improve/,Progressive Metal,Thrash Metal,Experimental
/album/656/Meshuggah-I/,Progressive Metal,Thrash Metal,Experimental
/album/23538/Meshuggah-Nothing-Re-release/,Progressive Metal,Thrash Metal,Experimental
/album/6751/Metal-Church-Metal-Church/,Thrash Metal,Heavy Metal,NA
/album/281/Metallica-...And-Justice-for-All/,Thrash Metal,Heavy Metal,Hard Rock
/album/1811/Metallica-Live-Shit-Binge--Purge/,Thrash Metal,Heavy Metal,Hard Rock
/album/116/Metallica-Master-of-Puppets/,Thrash Metal,Heavy Metal,Hard Rock
/album/222/Metallica-Ride-the-Lightning/,Thrash Metal,Heavy Metal,Hard Rock
/album/2930/Ministry-Psalm-69/,Industrial,Metal,Electronic
/album/7450/Ministry-The-Mind-Is-a-Terrible-Thing-to-Taste/,Industrial,Metal,Electronic
/album/11203/Mirrorthrone-Carriers-of-Dust/,Black Metal,Death Metal,Progressive Metal
/album/27797/Misery-Signals-Controller/,Metalcore,Hardcore,Progressive Metal
/album/2922/Misery-Signals-Of-Malice-and-the-Magnum-Heart/,Metalcore,Hardcore,Progressive Metal
/album/214226/Moonsorrow-Jumalten-Aika/,Folk,Black Metal,NA
/album/15601/Moonsorrow-Kivenkantaja/,Folk,Black Metal,NA
/album/17990/Moonsorrow-V-Havitetty/,Folk,Black Metal,NA
/album/11959/Moonsorrow-Verisakeet/,Folk,Black Metal,NA
/album/15951/Moonsorrow-Voimasta-Ja-Kunniasta/,Folk,Black Metal,NA
/album/13244/Moonspell-Wolfheart/,Gothic,Black Metal,Industrial
/album/1510/Morbid-Angel-Altars-of-Madness/,Death Metal,Industrial,NA
/album/6821/Morbid-Angel-Blessed-Are-the-Sick/,Death Metal,Industrial,NA
/album/6822/Morbid-Angel-Covenant/,Death Metal,Industrial,NA
/album/10751/Morbid-Saint-Spectrum-of-Death/,Thrash Metal,Death Metal,NA
/album/5173/Motorhead-Ace-of-Spades/,Heavy Metal,Hard Rock,Punk
/album/3358/Motorhead-Inferno/,Heavy Metal,Hard Rock,Punk
/album/7260/Motorhead-Iron-Fist/,Heavy Metal,Hard Rock,Punk
/album/5885/Motorhead-Overkill/,Heavy Metal,Hard Rock,Punk
/album/1859/Mr.-Bungle-California/,Experimental,Metal,Progressive Rock
/album/1635/Mr.-Bungle-Disco-Volante/,Experimental,Metal,Progressive Rock
/album/2214/Mr.-Bungle-Mr.-Bungle/,Experimental,Metal,Progressive Rock
/album/694/Mudvayne-L.D.-50/,Nu-metal,Alternative Rock,Math Rock
/album/564/My-Dying-Bride-The-Angel-and-the-Dark-River/,Doom Metal,Gothic,Death Metal
/album/8558/My-Dying-Bride-The-Dreadful-Hours/,Doom Metal,Gothic,Death Metal
/album/8559/My-Dying-Bride-Turn-Loose-the-Swans/,Doom Metal,Gothic,Death Metal
/album/3427/Napalm-Death-From-Enslavement-to-Obliteration/,Grind,Death Metal,Hardcore
/album/10353/Nasum-Shift/,Grind,Death Metal,NA
/album/175483/Ne-Obliviscaris-Citadel/,Progressive Metal,Death Metal,Black Metal
/album/96653/Ne-Obliviscaris-Portal-of-I/,Progressive Metal,Death Metal,Black Metal
/album/18070/Negura-Bunget-OM/,Black Metal,Folk,Progressive Metal
/album/11807/Neurosis-A-Sun-That-Never-Sets/,Post Metal,Sludge Metal,NA
/album/18310/Neurosis-Given-to-the-Rising/,Post Metal,Sludge Metal,NA
/album/3345/Neurosis-Souls-at-Zero/,Post Metal,Sludge Metal,NA
/album/1206/Neurosis-The-Eye-of-Every-Storm/,Post Metal,Sludge Metal,NA
/album/1277/Neurosis-Through-Silver-in-Blood/,Post Metal,Sludge Metal,NA
/album/14102/Neurosis-Times-of-Grace/,Post Metal,Sludge Metal,NA
/album/1493/Nevermore-Dead-Heart-In-A-Dead-World/,Thrash Metal,Progressive Metal,Power Metal
/album/928/Nevermore-Dreaming-Neon-Black/,Thrash Metal,Progressive Metal,Power Metal
/album/3165/Nevermore-This-Godless-Endeavor/,Thrash Metal,Progressive Metal,Power Metal
/album/2033/Nightwish-Oceanborn/,Power Metal,Gothic,Classical
/album/2521/Nile-Annihilation-of-the-Wicked/,Death Metal,Progressive Metal,NA
/album/20872/Nocturnus-The-Key/,Death Metal,Progressive Metal,NA
/album/45556/Nokturnal-Mortum-The-Voice-of-Steel/,Black Metal,Folk,NA
/album/223810/Norma-Jean-Polar-Similar/,Metalcore,Hardcore,NA
/album/1134/Norther-Mirror-of-Madness/,Melodic Death Metal,Death Metal,Power Metal
/album/2309/Obituary-Cause-of-Death/,Death Metal,NA,NA
/album/19751/Obituary-Slowly-We-Rot/,Death Metal,NA,NA
/album/140978/Obliteration-Black-Death-Horizon/,Death Metal,Doom Metal,NA
/album/8564/Om-Conference-of-the-Birds/,Psychedelic,Stoner Rock,Doom Metal
/album/1817/Opeth-Blackwater-Park/,Progressive Metal,Death Metal,Progressive Rock
/album/1832/Opeth-Damnation/,Progressive Metal,Death Metal,Progressive Rock
/album/3042/Opeth-Ghost-Reveries/,Progressive Metal,Death Metal,Progressive Rock
/album/61103/Opeth-In-Live-Concert-at-the-Royal-Albert-Hall/,Progressive Metal,Death Metal,Progressive Rock
/album/3752/Opeth-Lamentations/,Progressive Metal,Death Metal,Progressive Rock
/album/1558/Opeth-Morningrise/,Progressive Metal,Death Metal,Progressive Rock
/album/1877/Opeth-My-Arms-Your-Hearse/,Progressive Metal,Death Metal,Progressive Rock
/album/1556/Opeth-Still-Life/,Progressive Metal,Death Metal,Progressive Rock
/album/5408/Orphaned-Land-Mabool-The-Story-of-the-Three-Sons.../,Folk,Metal,Progressive Metal
/album/15328/Overkill-Feel-the-Fire/,Thrash Metal,Heavy Metal,NA
/album/1788/Overkill-Horrorscope/,Thrash Metal,Heavy Metal,NA
/album/44188/Overkill-Ironbound/,Thrash Metal,Heavy Metal,NA
/album/1787/Overkill-The-Years-of-Decay/,Thrash Metal,Heavy Metal,NA
/album/2738/Ozzy-Osbourne-Blizzard-of-Ozz/,Heavy Metal,Hard Rock,Metal
/album/3731/Ozzy-Osbourne-Diary-of-a-Madman/,Heavy Metal,Hard Rock,Metal
/album/5817/Ozzy-Osbourne-Tribute/,Heavy Metal,Hard Rock,Metal
/album/774/Pain-of-Salvation-Remedy-Lane/,Progressive Metal,Progressive Rock,Experimental
/album/3669/Pain-of-Salvation-The-Perfect-Element-Part-1/,Progressive Metal,Progressive Rock,Experimental
/album/89/Pantera-Cowboys-from-Hell/,Metal,Thrash Metal,Heavy Metal
/album/176/Pantera-Official-Live-101-Proof/,Metal,Thrash Metal,Heavy Metal
/album/46115/Pantera-Reinventing-Hell-The-Best-of-Pantera/,Metal,Thrash Metal,Heavy Metal
/album/763/Pantera-Vulgar-Display-of-Power/,Metal,Thrash Metal,Heavy Metal
/album/18484/Paradise-Lost-Draconian-Times/,Doom Metal,Gothic,Electronic
/album/24559/Paradise-Lost-Icon/,Doom Metal,Gothic,Electronic
/album/19336/Paysage-dHiver-Paysage-dHiver/,Black Metal,Ambient,Lo-fi
/album/31355/Paysage-dHiver-Winterkaelte/,Black Metal,Ambient,Lo-fi
/album/3114/Pelican-The-Fire-in-Our-Throats-Will-Beckon.../,Post Metal,Post Rock,Sludge Metal
/album/57538/Periphery-Periphery-Instrumental/,Progressive Metal,Metalcore,NA
/album/17957/Peste-Noire-La-Sanie-des-siecles---Panegyrique-de-la/,Black Metal,Folk,Experimental
/album/13493/Pestilence-Consuming-Impulse/,Death Metal,Thrash Metal,Progressive Metal
/album/13514/Pestilence-Malleus-Maleficarum/,Death Metal,Thrash Metal,Progressive Metal
/album/13494/Pestilence-Testimony-of-the-Ancients/,Death Metal,Thrash Metal,Progressive Metal
/album/18353/Pig-Destroyer-Phantom-Limb/,Grind,Death Metal,Hardcore
/album/5837/Pig-Destroyer-Prowler-in-the-Yard/,Grind,Death Metal,Hardcore
/album/7412/Pig-Destroyer-Terrifyer/,Grind,Death Metal,Hardcore
/album/142322/Plini-Sweet-Nothings/,Progressive Metal,Progressive Rock,Jazz Fusion
/album/125/Poison-the-Well-The-Opposite-of-December/,Metalcore,Post Hardcore,Hardcore
/album/121/Poison-the-Well-You-Come-Before-You/,Metalcore,Post Hardcore,Hardcore
/album/56009/Porcupine-Tree-Anesthetize/,Progressive Rock,Psychedelic,Progressive Metal
/album/19445/Porcupine-Tree-Arriving-Somewhere.../,Progressive Rock,Psychedelic,Progressive Metal
/album/2175/Porcupine-Tree-Deadwing/,Progressive Rock,Psychedelic,Progressive Metal
/album/16985/Porcupine-Tree-Fear-of-a-Blank-Planet/,Progressive Rock,Psychedelic,Progressive Metal
/album/491/Porcupine-Tree-In-Absentia/,Progressive Rock,Psychedelic,Progressive Metal
/album/3590/Porcupine-Tree-Lightbulb-Sun/,Progressive Rock,Psychedelic,Progressive Metal
/album/1992/Porcupine-Tree-Stupid-Dream/,Progressive Rock,Psychedelic,Progressive Metal
/album/5245/Porcupine-Tree-The-Sky-Moves-Sideways/,Progressive Rock,Psychedelic,Progressive Metal
/album/10156/Possessed-Seven-Churches/,Death Metal,Thrash Metal,NA
/album/9165/Primordial-The-Gathering-Wilderness/,Black Metal,Folk,NA
/album/22250/Primordial-To-the-Nameless-Dead/,Black Metal,Folk,NA
/album/3961/Propagandhi-Potemkin-City-Limits/,Punk,Hardcore,Thrash Metal
/album/35403/Propagandhi-Supporting-Caste/,Punk,Hardcore,Thrash Metal
/album/3966/Propagandhi-Todays-Empires-Tomorrows-Ashes/,Punk,Hardcore,Thrash Metal
/album/33647/Protest-the-Hero-Fortress-Instrumental/,Progressive Metal,Metalcore,Post Hardcore
/album/23330/Protest-the-Hero-Fortress/,Progressive Metal,Metalcore,Post Hardcore
/album/4531/Protest-the-Hero-Kezia/,Progressive Metal,Metalcore,Post Hardcore
/album/6226/Psycroptic-The-Scepter-of-the-Ancients/,Death Metal,Metalcore,NA
/album/2731/Queensryche-Operation-Mindcrime/,Progressive Metal,Hard Rock,NA
/album/7833/Queensryche-Rage-for-Order/,Progressive Metal,Hard Rock,NA
/album/5481/Quo-Vadis-Defiant-Imagination/,Melodic Death Metal,Death Metal,Progressive Metal
/album/12159/Rage-Against-the-Machine-Live-at-the-Grand-Olympic-Auditorium-DVD/,Metal,Hip-Hop,Funk
/album/352/Rage-Against-the-Machine-Rage-Against-the-Machine/,Metal,Hip-Hop,Funk
/album/8364/Rainbow-Long-Live-Rock-n-Roll/,Hard Rock,Heavy Metal,Progressive Rock
/album/6549/Rainbow-Rising/,Hard Rock,Heavy Metal,Progressive Rock
/album/4526/Rainbow-Ritchie-Blackmores-Rainbow/,Hard Rock,Heavy Metal,Progressive Rock
/album/10676/Repulsion-Horrified/,Grind,Death Metal,NA
/album/2897/Rhapsody-of-Fire-Power-of-the-Dragonflame/,Power Metal,Classical,Heavy Metal
/album/5339/Riverside-Out-of-Myself/,Progressive Rock,Progressive Metal,NA
/album/5064/Riverside-Second-Life-Syndrome/,Progressive Rock,Progressive Metal,NA
/album/47920/Rosetta-A-Determinism-of-Morality/,Post Metal,Progressive Metal,Sludge Metal
/album/11608/Rosetta-The-Galilean-Satellites/,Post Metal,Progressive Metal,Sludge Metal
/album/22861/Rosetta-Wake-Lift/,Post Metal,Progressive Metal,Sludge Metal
/album/14208/Rotten-Sound-Exit/,Grind,Death Metal,NA
/album/18952/Rotting-Christ-Theogonia/,Black Metal,Gothic,Folk
/album/10815/S.O.D.-Speak-English-or-Die/,Thrash Metal,Hardcore,NA
/album/15870/Sacramentum-Far-Away-from-the-Sun/,Black Metal,Melodic Death Metal,NA
/album/8903/Saint-Vitus-Born-Too-Late/,Doom Metal,Heavy Metal,NA
/album/9066/Satyricon-Nemesis-Divina/,Black Metal,Folk,Rock
/album/6528/Savatage-Gutter-Ballet/,Heavy Metal,Progressive Metal,Power Metal
/album/6038/Savatage-The-Hall-of-the-Mountain-King/,Heavy Metal,Progressive Metal,Power Metal
/album/8218/Saxon-Wheels-of-Steel/,Heavy Metal,Metal,Hard Rock
/album/70764/Scale-the-Summit-The-Collective/,Progressive Metal,Post Rock,NA
/album/8049/Scorpions-Blackout/,Hard Rock,Heavy Metal,Rock
/album/8050/Scorpions-Love-At-First-Sting/,Hard Rock,Heavy Metal,Rock
/album/8083/Scorpions-Lovedrive/,Hard Rock,Heavy Metal,Rock
/album/419/Sepultura-Arise/,Thrash Metal,Death Metal,Nu-metal
/album/1295/Sepultura-Beneath-the-Remains/,Thrash Metal,Death Metal,NA
/album/2326/Sepultura-Chaos-A.D./,Thrash Metal,Death Metal,Nu-metal
/album/5954/Shai-Hulud-That-Within-Blood-Ill-Tempered/,Hardcore,Metalcore,NA
/album/21538/Shining-SWE-V---Halmstad/,Black Metal,Progressive Metal,Doom Metal
/album/17790/Sigh-Imaginary-Sonicscape/,Black Metal,Psychedelic,Experimental
/album/9395/SikTh-Death-of-a-Dead-Day/,Progressive Metal,Metalcore,Grind
/album/5479/SikTh-The-Trees-Are-Dead-and-Dried-Out-/,Progressive Metal,Metalcore,Grind
/album/6644/Skid-Row-Slave-to-the-Grind/,Heavy Metal,Hard Rock,NA
/album/2605/Slayer-Decade-of-Aggression/,Thrash Metal,Hardcore,Death Metal
/album/582/Slayer-Haunting-the-Chapel/,Thrash Metal,Hardcore,Death Metal
/album/460/Slayer-Hell-Awaits/,Thrash Metal,Hardcore,Death Metal
/album/314/Slayer-Reign-in-Blood/,Thrash Metal,Hardcore,Death Metal
/album/257/Slayer-Seasons-in-the-Abyss/,Thrash Metal,Hardcore,Death Metal
/album/2724/Slayer-South-of-Heaven/,Thrash Metal,Hardcore,Death Metal
/album/3255/Sleep-Dopesmoker/,Stoner Rock,Doom Metal,Psychedelic
/album/3919/Sleep-Sleeps-Holy-Mountain/,Stoner Rock,Doom Metal,Psychedelic
/album/10245/Sodom-Agent-Orange/,Thrash Metal,Black Metal,Death Metal
/album/11628/Sodom-M-16/,Thrash Metal,Black Metal,Death Metal
/album/1684/Sodom-Persecution-Mania/,Thrash Metal,Black Metal,Death Metal
/album/116279/Soilwork-The-Living-Infinite/,Melodic Death Metal,Metalcore,Metal
/album/693/Soundgarden-Badmotorfinger/,Grunge,Alternative Rock,Heavy Metal
/album/659/Soundgarden-Superunknown/,Grunge,Alternative Rock,Heavy Metal
/album/387/Steve-Vai-Passion-and-Warfare/,Rock,Experimental,Metal
/album/3480/Strapping-Young-Lad-Alien/,Industrial,Death Metal,Progressive Metal
/album/3507/Strapping-Young-Lad-City/,Industrial,Death Metal,Progressive Metal
/album/9021/Stratovarius-Visions/,Power Metal,Progressive Metal,Heavy Metal
/album/17397/Suffocation-Effigy-of-the-Forgotten/,Death Metal,NA,NA
/album/8623/Suffocation-Human-Waste/,Death Metal,NA,NA
/album/3452/Suffocation-Pierced-from-Within/,Death Metal,NA,NA
/album/5830/Suicidal-Tendencies-How-Will-I-Laugh-Tomorrow-If-I-Cant-Even-Smile-Today/,Hardcore,Thrash Metal,Punk
/album/5832/Suicidal-Tendencies-Lights...Camera...Revolution/,Hardcore,Thrash Metal,Punk
/album/5828/Suicidal-Tendencies-Suicidal-Tendencies/,Hardcore,Thrash Metal,Punk
/album/10403/Summoning-Minas-Morgul/,Black Metal,Ambient,NA
/album/6657/Summoning-Oath-Bound/,Black Metal,Ambient,NA
/album/6784/Summoning-Stronghold/,Black Metal,Ambient,NA
/album/11166/Swallow-the-Sun-The-Morning-Never-Came/,Doom Metal,Melodic Death Metal,Death Metal
/album/1605/Symphony-X-The-Divine-Wings-of-Tragedy/,Progressive Metal,Power Metal,NA
/album/1928/Symphony-X-The-Odyssey/,Progressive Metal,Power Metal,NA
/album/6606/Symphony-X-V-The-New-Mythology-Suite/,Progressive Metal,Power Metal,NA
/album/337/System-of-a-Down-Toxicity/,Metal,Alternative Rock,Nu-metal
/album/18582/Taake-Hordalands-Doedskvad/,Black Metal,Punk,Experimental
/album/13749/Terrorizer-World-Downfall/,Grind,Death Metal,NA
/album/498/Testament-The-Gathering/,Thrash Metal,Death Metal,Heavy Metal
/album/3768/Testament-The-Legacy/,Thrash Metal,Death Metal,Heavy Metal
/album/3273/Testament-The-New-Order/,Thrash Metal,Death Metal,Heavy Metal
/album/23331/The-Angelic-Process-Weighing-Souls-With-Sand/,Shoegaze,Drone,Doom Metal
/album/63508/The-Chariot-Long-Live/,Hardcore,Metalcore,NA
/album/107310/The-Chariot-One-Wing/,Hardcore,Metalcore,NA
/album/8709/The-Devin-Townsend-Band-Accelerated-Evolution/,Progressive Rock,Progressive Metal,NA
/album/416/The-Dillinger-Escape-Plan-Calculating-Infinity/,Metalcore,Hardcore,Experimental
/album/227627/The-Dillinger-Escape-Plan-Dissociation/,Metalcore,Hardcore,Experimental
/album/1641/The-Dillinger-Escape-Plan-Irony-Is-a-Dead-Scene/,Metalcore,Hardcore,Experimental
/album/716/The-Dillinger-Escape-Plan-Miss-Machine/,Metalcore,Hardcore,Experimental
/album/127044/The-Dillinger-Escape-Plan-One-of-Us-Is-the-Killer/,Metalcore,Hardcore,Experimental
/album/48997/The-Dillinger-Escape-Plan-Option-Paralysis/,Metalcore,Hardcore,Experimental
/album/124482/The-Ocean-Pelagial/,Post Metal,Progressive Metal,Sludge Metal
/album/22651/The-Ocean-Precambrian/,Post Metal,Progressive Metal,Sludge Metal
/album/18099/The-Pax-Cecilia-Blessed-Are-The-Bonds/,Post Metal,Post Hardcore,Emo
/album/2275/Thin-Lizzy-Jailbreak/,Hard Rock,Rock,Heavy Metal
/album/3185/Tiamat-Wildhoney/,Doom Metal,Gothic,Metal
/album/172/Tool-%C3%86nima/,Progressive Metal,Progressive Rock,Alternative Rock
/album/92/Tool-Lateralus/,Progressive Metal,Progressive Rock,Alternative Rock
/album/16384/Toxik-Think-This/,Thrash Metal,Progressive Metal,NA
/album/47486/Triptykon-Eparistera-Daimones/,Doom Metal,Black Metal,Death Metal
/album/8256/Type-O-Negative-Bloody-Kisses/,Gothic,Doom Metal,Metal
/album/3050/Type-O-Negative-October-Rust/,Gothic,Doom Metal,Metal
/album/36341/Ulcerate-Everything-Is-Fire/,Death Metal,Post Metal,NA
/album/224769/Ulcerate-Shrines-of-Paralysis/,Death Metal,Post Metal,NA
/album/68609/Ulcerate-The-Destroyers-of-All/,Death Metal,Post Metal,NA
/album/1596/Ulver-Bergtatt---Et-eeventyr-i-5-capitler/,Experimental,Black Metal,Electronic
/album/1580/Ulver-Perdition-City/,Experimental,Black Metal,Electronic
/album/21565/Ulver-Shadows-of-the-Sun/,Experimental,Black Metal,Electronic
/album/9669/Underoath-Define-the-Great-Line/,Metalcore,Post Hardcore,Post Metal
/album/83945/Uneven-Structure-Februus/,Progressive Metal,Metalcore,NA
/album/44578/Vektor-Black-Future/,Thrash Metal,Progressive Metal,Black Metal
/album/238570/Vektor-Outer-Isolation/,Thrash Metal,Progressive Metal,Black Metal
/album/215093/Vektor-Terminal-Redux/,Thrash Metal,Progressive Metal,Black Metal
/album/10725/Vinterland-Welcome-My-Last-Chapter/,Black Metal,NA,NA
/album/5748/Vio-Lence-Eternal-Nightmare/,Thrash Metal,NA,NA
/album/4069/Vital-Remains-Dechristianize/,Death Metal,NA,NA
/album/8775/Voivod-Dimension-Hatross/,Thrash Metal,Progressive Metal,NA
/album/8783/Voivod-Killing-Technology/,Thrash Metal,Progressive Metal,NA
/album/8774/Voivod-Nothingface/,Thrash Metal,Progressive Metal,NA
/album/23636/Warning-Watching-from-a-Distance/,Doom Metal,Metal,NA
/album/20959/Watchtower-Control-and-Resistance/,Progressive Metal,Thrash Metal,NA
/album/195410/We-Lost-the-Sea-Departure-Songs/,Post Rock,Post Metal,Metal
/album/18071/Weakling-Dead-as-Dreams/,Black Metal,Ambient,NA
/album/12148/Windir-1184/,Black Metal,Folk,NA
/album/8779/Windir-Arntor/,Black Metal,Folk,NA
/album/14829/Windir-Likferd/,Black Metal,Folk,NA
/album/4189/Wintersun-Wintersun/,Melodic Death Metal,Power Metal,Folk
/album/20881/Wolves-in-the-Throne-Room-Two-Hunters/,Black Metal,Ambient,Post Rock
/album/1791/X-Japan-Art-of-Life/,Progressive Metal,Power Metal,Heavy Metal
/album/9682/X-Japan-Blue-Blood/,Progressive Metal,Power Metal,Heavy Metal
/album/7883/Yngwie-Malmsteen-Rising-Force/,Metal,Classical,Power Metal
/album/2748/Zao-Liberate-Te-Ex-Inferis/,Metalcore,Hardcore,Punk
/album/2715/Zao-Where-Blood-and-Fire-Bring-Rest/,Metalcore,Hardcore,Punk
